Ref,Val,Package,PosX,PosY,Rot,Side
"C10","10u","C_1206_3216Metric",-39.900000,-51.700000,180.000000,bottom
"R1","GT36528","R_1210_3225Metric",-39.900000,-48.800000,180.000000,bottom
"R2","12k","R_0603_1608Metric",-39.875000,-46.300000,0.000000,bottom
